               epoch,      train/box_loss,      train/obj_loss,      train/cls_loss,   metrics/precision,      metrics/recall,     metrics/mAP_0.5,metrics/mAP_0.5:0.95,        val/box_loss,        val/obj_loss,        val/cls_loss,               x/lr0,               x/lr1,               x/lr2
                   0,            0.064108,            0.071474,            0.037759,              0.5453,             0.30437,             0.32122,             0.15193,            0.039858,            0.061003,            0.027743,            0.070144,           0.0033174,           0.0033174
                   1,            0.043655,            0.065199,            0.024342,             0.67568,             0.49335,             0.52293,             0.30329,            0.035085,            0.058319,            0.017524,              0.0401,           0.0066068,           0.0066068
                   2,            0.040162,            0.062234,            0.016577,             0.59477,             0.65486,             0.63044,             0.35232,             0.03637,            0.057294,           0.0088354,            0.010012,           0.0098523,           0.0098523
                   3,            0.035006,              0.0613,            0.012562,             0.67999,             0.69029,             0.74058,              0.4444,            0.029177,            0.053767,           0.0073973,            0.009802,            0.009802,            0.009802
                   4,            0.031964,             0.06062,            0.011093,             0.69947,             0.74266,             0.78481,             0.49695,            0.029329,            0.051423,           0.0076657,            0.009802,            0.009802,            0.009802
                   5,            0.030249,            0.058325,           0.0099912,             0.74049,             0.77413,             0.81136,             0.50728,            0.027842,            0.048111,           0.0055792,            0.009736,            0.009736,            0.009736
                   6,              0.0289,            0.057499,           0.0093202,             0.78103,             0.77308,             0.83944,             0.54706,            0.026254,            0.047521,           0.0042727,             0.00967,             0.00967,             0.00967
                   7,            0.027956,            0.056688,           0.0085452,             0.73354,             0.79527,             0.84258,             0.55086,            0.026401,            0.051484,           0.0054292,            0.009604,            0.009604,            0.009604
                   8,            0.027466,            0.055246,           0.0080973,             0.80517,             0.84607,             0.89209,             0.60204,            0.025483,            0.044624,           0.0029318,            0.009538,            0.009538,            0.009538
                   9,            0.026998,            0.054482,           0.0075123,             0.81929,              0.8478,             0.89198,             0.60621,            0.025067,            0.048256,           0.0027159,            0.009472,            0.009472,            0.009472
                  10,            0.026526,            0.053644,           0.0071639,             0.80363,             0.80151,             0.86863,             0.58321,              0.0252,            0.044192,           0.0042838,            0.009406,            0.009406,            0.009406
                  11,            0.026109,            0.052425,           0.0068334,             0.82096,             0.80772,             0.87326,             0.58289,            0.025793,            0.044926,           0.0046152,             0.00934,             0.00934,             0.00934
                  12,            0.026025,            0.051915,           0.0064977,             0.84266,             0.86755,             0.91961,             0.62539,             0.02488,             0.04418,           0.0022767,            0.009274,            0.009274,            0.009274
                  13,            0.025617,            0.050375,           0.0062101,             0.80655,             0.87372,             0.90507,             0.62296,            0.024451,            0.045718,            0.002631,            0.009208,            0.009208,            0.009208
                  14,            0.025625,             0.05026,           0.0059327,             0.85218,             0.87887,             0.92302,              0.6274,            0.024847,            0.041473,           0.0019553,            0.009142,            0.009142,            0.009142
                  15,            0.024961,            0.049629,           0.0057941,              0.8994,             0.88361,             0.94969,             0.65112,            0.024376,            0.039159,            0.002381,            0.009076,            0.009076,            0.009076
                  16,            0.024936,            0.048673,           0.0054232,             0.90147,             0.91095,             0.95312,             0.66501,            0.023935,            0.038855,           0.0013002,             0.00901,             0.00901,             0.00901
                  17,            0.024769,            0.048018,           0.0053382,             0.90968,             0.89971,             0.95478,             0.66328,            0.024029,            0.040209,            0.001503,            0.008944,            0.008944,            0.008944
                  18,            0.024418,            0.047015,           0.0050053,             0.87682,             0.88539,             0.94535,             0.65698,            0.024006,            0.039368,           0.0021979,            0.008878,            0.008878,            0.008878
                  19,            0.024178,            0.046152,            0.004829,             0.90054,             0.88427,              0.9451,             0.66052,            0.023959,            0.038358,           0.0031999,            0.008812,            0.008812,            0.008812
                  20,            0.024163,            0.045211,           0.0047814,             0.92368,             0.90995,              0.9689,             0.68719,            0.023037,             0.03604,           0.0012418,            0.008746,            0.008746,            0.008746
                  21,            0.024071,            0.044944,           0.0045626,             0.94334,             0.93129,             0.97417,             0.69669,            0.022986,            0.033801,           0.0011463,             0.00868,             0.00868,             0.00868
                  22,            0.023767,             0.04382,           0.0043127,             0.95941,             0.94856,              0.9858,             0.70755,            0.022384,            0.032053,          0.00096872,            0.008614,            0.008614,            0.008614
                  23,            0.023554,            0.044192,           0.0041826,             0.96419,              0.9515,              0.9864,             0.71527,            0.022109,            0.031866,          0.00077259,            0.008548,            0.008548,            0.008548
                  24,            0.023365,            0.043563,           0.0040611,              0.9307,             0.93556,             0.97364,             0.69958,            0.022697,             0.03583,           0.0010159,            0.008482,            0.008482,            0.008482
                  25,            0.023415,            0.042826,           0.0039087,             0.95262,             0.94903,             0.98019,             0.71491,            0.021992,            0.032544,           0.0011254,            0.008416,            0.008416,            0.008416
                  26,            0.023158,            0.042538,           0.0037377,             0.95914,             0.94511,              0.9857,             0.72245,            0.021762,            0.032178,          0.00082906,             0.00835,             0.00835,             0.00835
                  27,            0.022866,            0.041689,           0.0037197,             0.95728,              0.9616,               0.987,              0.7305,            0.021417,            0.031637,           0.0008539,            0.008284,            0.008284,            0.008284
                  28,            0.022714,            0.041232,           0.0036675,             0.96687,             0.95757,             0.98745,             0.72749,            0.021646,            0.030861,           0.0008379,            0.008218,            0.008218,            0.008218
                  29,            0.022805,            0.040711,           0.0035863,             0.97108,             0.95947,             0.98725,             0.72991,            0.021331,            0.030807,          0.00079687,            0.008152,            0.008152,            0.008152
                  30,            0.022604,            0.041005,           0.0034085,             0.96757,             0.96466,             0.98657,             0.73197,            0.020941,            0.030883,          0.00070031,            0.008086,            0.008086,            0.008086
                  31,            0.022349,            0.040302,           0.0033127,             0.94796,             0.95218,             0.97936,             0.72759,            0.021146,            0.032512,           0.0011322,             0.00802,             0.00802,             0.00802
                  32,            0.022197,            0.039891,           0.0033083,             0.98282,             0.96846,             0.99184,             0.74779,            0.020619,             0.02908,          0.00054293,            0.007954,            0.007954,            0.007954
                  33,            0.022115,             0.03899,           0.0031291,             0.98314,             0.97372,             0.99142,             0.75726,            0.020137,            0.028523,          0.00054321,            0.007888,            0.007888,            0.007888
                  34,            0.021925,             0.03905,           0.0031869,             0.97897,             0.97885,             0.98919,             0.75629,             0.01979,            0.028089,          0.00060252,            0.007822,            0.007822,            0.007822
                  35,            0.021684,            0.038746,           0.0030978,             0.97819,             0.96865,             0.99109,             0.76117,            0.019762,            0.028563,          0.00057757,            0.007756,            0.007756,            0.007756
                  36,            0.021498,            0.038311,           0.0029543,             0.98118,             0.97554,             0.99193,             0.75719,            0.019968,            0.027905,          0.00057271,             0.00769,             0.00769,             0.00769
                  37,            0.021384,            0.038694,           0.0030605,             0.97867,             0.98184,             0.99054,             0.76417,            0.019685,             0.02836,          0.00050564,            0.007624,            0.007624,            0.007624
                  38,            0.021359,            0.037442,           0.0029888,             0.98395,             0.97655,             0.99145,             0.77199,            0.019048,            0.026942,          0.00051229,            0.007558,            0.007558,            0.007558
                  39,            0.021092,            0.036886,           0.0029158,             0.97819,             0.97347,             0.98988,             0.77232,              0.0192,            0.027623,          0.00066758,            0.007492,            0.007492,            0.007492
                  40,            0.021148,            0.037201,           0.0028813,             0.98438,             0.97874,             0.99194,             0.77914,            0.018868,            0.026341,          0.00053708,            0.007426,            0.007426,            0.007426
                  41,            0.021045,            0.036702,           0.0028478,             0.98074,             0.98108,             0.99063,             0.78595,            0.018606,            0.026603,          0.00055742,             0.00736,             0.00736,             0.00736
                  42,            0.020781,            0.036757,           0.0027111,             0.98322,             0.97605,             0.99125,             0.78294,            0.018542,            0.026266,          0.00049936,            0.007294,            0.007294,            0.007294
                  43,            0.020542,            0.036483,           0.0026929,             0.98948,             0.97733,             0.99341,             0.79461,             0.01793,            0.024601,           0.0004654,            0.007228,            0.007228,            0.007228
                  44,             0.02065,             0.03615,           0.0027303,             0.98749,             0.98606,             0.99304,             0.79649,            0.017731,            0.024696,          0.00051848,            0.007162,            0.007162,            0.007162
                  45,            0.020418,            0.035962,           0.0026888,             0.99184,             0.98383,             0.99322,             0.80162,            0.017586,            0.024602,          0.00052185,            0.007096,            0.007096,            0.007096
                  46,            0.020263,            0.034999,           0.0026564,             0.99089,             0.98437,             0.99352,             0.80157,            0.017326,            0.024405,          0.00050219,             0.00703,             0.00703,             0.00703
                  47,            0.020336,            0.035388,           0.0025857,             0.99095,             0.98179,             0.99321,             0.79845,             0.01765,            0.024498,          0.00053569,            0.006964,            0.006964,            0.006964
                  48,             0.02011,            0.035036,            0.002424,             0.99252,             0.98589,             0.99345,             0.80577,            0.017196,            0.023865,            0.000491,            0.006898,            0.006898,            0.006898
                  49,            0.019874,            0.035058,           0.0024576,             0.99046,             0.98775,             0.99383,             0.81397,            0.016578,            0.023369,          0.00045859,            0.006832,            0.006832,            0.006832
                  50,            0.019852,            0.034616,           0.0025409,             0.98617,             0.98387,             0.99214,             0.80884,            0.017006,             0.02385,          0.00051037,            0.006766,            0.006766,            0.006766
                  51,            0.019719,            0.034188,           0.0024433,             0.98993,              0.9873,             0.99398,             0.81623,             0.01653,            0.023225,          0.00042666,              0.0067,              0.0067,              0.0067
                  52,            0.019641,            0.033939,           0.0023759,             0.99208,             0.98597,             0.99309,             0.81723,            0.016503,            0.023509,          0.00047708,            0.006634,            0.006634,            0.006634
                  53,            0.019592,            0.033618,           0.0024264,             0.99297,              0.9875,             0.99324,             0.82664,            0.015877,             0.02238,          0.00040435,            0.006568,            0.006568,            0.006568
                  54,            0.019496,            0.034179,           0.0023476,             0.99426,             0.98846,             0.99279,             0.82636,            0.015744,            0.022361,          0.00039437,            0.006502,            0.006502,            0.006502
                  55,            0.019282,            0.033374,           0.0024447,             0.99046,             0.98588,             0.99294,               0.827,            0.015663,            0.022571,          0.00046389,            0.006436,            0.006436,            0.006436
                  56,            0.019163,            0.033449,           0.0022409,             0.99523,             0.99004,             0.99323,             0.83521,            0.015046,            0.021453,          0.00040645,             0.00637,             0.00637,             0.00637
                  57,            0.019089,            0.033293,           0.0023059,             0.99464,             0.98899,             0.99351,              0.8343,            0.015195,            0.021499,          0.00042489,            0.006304,            0.006304,            0.006304
                  58,            0.018986,            0.032593,           0.0022038,             0.99345,             0.98791,             0.99372,             0.83519,            0.015337,            0.021697,          0.00038808,            0.006238,            0.006238,            0.006238
                  59,            0.018778,            0.032391,           0.0022338,             0.99471,             0.99015,             0.99289,             0.84121,            0.014627,            0.021039,          0.00037304,            0.006172,            0.006172,            0.006172
                  60,             0.01881,            0.032646,           0.0021852,             0.99422,               0.991,             0.99361,              0.8449,            0.014546,            0.020866,          0.00036578,            0.006106,            0.006106,            0.006106
                  61,            0.018667,            0.032016,           0.0021607,             0.99456,              0.9869,             0.99353,             0.84347,            0.014459,            0.021082,          0.00041955,             0.00604,             0.00604,             0.00604
                  62,            0.018692,            0.032509,           0.0021775,             0.99641,             0.98887,             0.99388,             0.84606,            0.014393,              0.0206,          0.00037416,            0.005974,            0.005974,            0.005974
                  63,             0.01842,            0.032031,           0.0021812,             0.99455,             0.98939,             0.99363,             0.84985,            0.014166,            0.020743,          0.00039544,            0.005908,            0.005908,            0.005908
                  64,            0.018358,            0.031717,           0.0021058,             0.99322,             0.99025,             0.99356,             0.85388,            0.013899,            0.020304,           0.0003555,            0.005842,            0.005842,            0.005842
                  65,            0.018276,            0.031834,           0.0020954,             0.99513,             0.99043,             0.99344,             0.85871,             0.01358,            0.019636,          0.00045156,            0.005776,            0.005776,            0.005776
                  66,            0.018172,            0.031152,           0.0019797,             0.99505,             0.99059,             0.99396,             0.86147,            0.013447,            0.019376,          0.00041944,             0.00571,             0.00571,             0.00571
                  67,            0.018048,            0.031594,           0.0020153,             0.99457,             0.98933,              0.9935,             0.85612,            0.013614,            0.019946,          0.00037679,            0.005644,            0.005644,            0.005644
                  68,            0.018051,            0.031187,           0.0019993,             0.99521,             0.98953,             0.99328,             0.86329,            0.013025,            0.019375,          0.00044904,            0.005578,            0.005578,            0.005578
                  69,            0.018047,             0.03144,           0.0020532,             0.99383,             0.99064,             0.99376,             0.86688,            0.012842,            0.019082,          0.00039664,            0.005512,            0.005512,            0.005512
                  70,             0.01793,            0.030919,           0.0019554,             0.99494,             0.98844,             0.99356,              0.8668,            0.012943,            0.019202,          0.00037498,            0.005446,            0.005446,            0.005446
                  71,            0.017699,            0.031087,           0.0020089,              0.9959,             0.98994,             0.99351,             0.86818,            0.012831,             0.01895,          0.00034619,             0.00538,             0.00538,             0.00538
                  72,            0.017701,            0.030609,           0.0019609,             0.99585,             0.98955,             0.99334,             0.86802,            0.012811,            0.019048,            0.000344,            0.005314,            0.005314,            0.005314
                  73,            0.017714,            0.030544,           0.0018905,             0.99363,             0.99058,             0.99393,             0.86682,            0.012686,             0.01911,          0.00038313,            0.005248,            0.005248,            0.005248
                  74,            0.017502,            0.030691,           0.0018651,             0.99452,              0.9902,             0.99345,             0.86992,            0.012598,            0.019108,          0.00035572,            0.005182,            0.005182,            0.005182
                  75,            0.017539,            0.030541,           0.0019019,             0.99622,             0.99059,             0.99363,             0.87357,            0.012387,            0.018871,           0.0003621,            0.005116,            0.005116,            0.005116
                  76,             0.01729,            0.030115,           0.0018798,             0.99662,             0.98985,             0.99348,             0.87274,            0.012446,            0.018844,          0.00037817,             0.00505,             0.00505,             0.00505
                  77,            0.017297,            0.030232,            0.001798,              0.9953,             0.98991,             0.99211,             0.87828,            0.012146,            0.018411,          0.00036885,            0.004984,            0.004984,            0.004984
                  78,            0.017299,            0.029684,           0.0018912,             0.99586,              0.9898,             0.99204,             0.87676,             0.01214,            0.018421,          0.00037109,            0.004918,            0.004918,            0.004918
                  79,            0.017155,            0.029597,           0.0018219,             0.99575,             0.98959,             0.99329,             0.87883,            0.012023,            0.018229,          0.00032753,            0.004852,            0.004852,            0.004852
                  80,            0.017062,            0.029264,            0.001934,             0.99618,             0.98992,             0.99363,             0.88048,             0.01193,            0.017999,          0.00028404,            0.004786,            0.004786,            0.004786
                  81,            0.016848,            0.029217,           0.0018329,             0.99603,             0.99039,             0.99415,             0.88456,            0.011718,            0.017936,           0.0002593,             0.00472,             0.00472,             0.00472
                  82,            0.016872,            0.029617,           0.0017378,             0.99567,             0.99102,              0.9941,              0.8866,            0.011597,            0.017811,          0.00030422,            0.004654,            0.004654,            0.004654
                  83,            0.016773,            0.029226,           0.0018385,              0.9959,             0.99105,             0.99373,             0.88878,            0.011441,            0.017653,          0.00032549,            0.004588,            0.004588,            0.004588
                  84,            0.016665,            0.028779,           0.0017453,             0.99651,             0.99104,             0.99353,             0.89082,            0.011356,            0.017656,          0.00035061,            0.004522,            0.004522,            0.004522
                  85,            0.016568,            0.028687,            0.001636,             0.99602,             0.99068,             0.99205,             0.89032,            0.011311,            0.017546,          0.00034044,            0.004456,            0.004456,            0.004456
                  86,            0.016559,            0.028745,           0.0016493,             0.99661,             0.98981,             0.99398,             0.89047,            0.011291,            0.017552,          0.00035411,             0.00439,             0.00439,             0.00439
                  87,            0.016447,            0.028439,           0.0016823,             0.99673,             0.99049,             0.99361,             0.89338,             0.01118,            0.017291,          0.00036105,            0.004324,            0.004324,            0.004324
                  88,             0.01642,            0.028557,           0.0016545,             0.99591,             0.99074,             0.99281,             0.89498,            0.011033,             0.01713,          0.00036655,            0.004258,            0.004258,            0.004258
                  89,            0.016236,            0.028215,           0.0017102,             0.99605,             0.99027,             0.99389,             0.89518,            0.010981,            0.017104,          0.00037259,            0.004192,            0.004192,            0.004192
                  90,            0.016304,            0.028504,           0.0016314,             0.99564,             0.99065,             0.99381,             0.89672,             0.01084,            0.017005,          0.00036299,            0.004126,            0.004126,            0.004126
                  91,            0.016114,            0.027869,           0.0016043,             0.99525,             0.99149,             0.99395,             0.89939,            0.010741,            0.016957,          0.00034251,             0.00406,             0.00406,             0.00406
                  92,            0.015935,            0.028048,           0.0017001,             0.99612,             0.98995,              0.9941,             0.89998,            0.010637,            0.016829,          0.00031315,            0.003994,            0.003994,            0.003994
                  93,            0.016017,             0.02792,           0.0016374,             0.99672,             0.99028,             0.99389,             0.90052,            0.010571,            0.016888,          0.00029712,            0.003928,            0.003928,            0.003928
                  94,            0.016087,            0.028035,           0.0015902,               0.997,             0.98939,             0.99406,              0.9025,            0.010485,            0.016875,          0.00028882,            0.003862,            0.003862,            0.003862
                  95,            0.015851,            0.027566,           0.0015305,             0.99531,              0.9908,             0.99404,             0.90294,            0.010529,            0.016871,          0.00027306,            0.003796,            0.003796,            0.003796
                  96,            0.015784,             0.02722,           0.0015843,             0.99672,             0.99038,             0.99405,             0.90301,            0.010542,            0.016723,          0.00026068,             0.00373,             0.00373,             0.00373
                  97,            0.015693,            0.027628,           0.0015457,             0.99649,             0.99043,             0.99406,             0.90362,            0.010525,            0.016711,           0.0002665,            0.003664,            0.003664,            0.003664
                  98,            0.015646,            0.027461,           0.0015722,             0.99662,              0.9905,             0.99382,             0.90456,            0.010419,             0.01661,          0.00025719,            0.003598,            0.003598,            0.003598
                  99,            0.015677,            0.027359,           0.0015326,             0.99697,             0.99041,             0.99412,              0.9056,            0.010318,            0.016467,          0.00024437,            0.003532,            0.003532,            0.003532
                 100,            0.015512,            0.026829,           0.0014946,             0.99662,             0.99081,             0.99396,              0.9059,            0.010191,            0.016331,            0.000264,            0.003466,            0.003466,            0.003466
                 101,             0.01549,            0.027126,           0.0014739,             0.99669,             0.99073,             0.99371,             0.90666,            0.010182,            0.016294,           0.0002806,              0.0034,              0.0034,              0.0034
                 102,            0.015338,            0.027003,           0.0014913,             0.99618,             0.99124,             0.99336,              0.9082,            0.010163,            0.016247,          0.00029598,            0.003334,            0.003334,            0.003334
                 103,             0.01521,            0.026648,           0.0014829,             0.99635,             0.99068,             0.99288,             0.90895,            0.010051,            0.016127,          0.00030741,            0.003268,            0.003268,            0.003268
                 104,            0.015222,            0.026844,           0.0014655,             0.99635,             0.99074,              0.9925,             0.91073,           0.0099861,            0.016008,          0.00031379,            0.003202,            0.003202,            0.003202
                 105,            0.015085,            0.026356,           0.0014144,             0.99637,              0.9908,             0.99252,              0.9107,           0.0099733,            0.015983,          0.00031462,            0.003136,            0.003136,            0.003136
                 106,            0.015009,            0.025984,           0.0014415,             0.99635,             0.99088,             0.99263,             0.91034,           0.0099652,            0.015989,          0.00031503,             0.00307,             0.00307,             0.00307
                 107,             0.01493,            0.026119,           0.0014064,             0.99647,              0.9907,             0.99294,             0.91272,           0.0098433,            0.015914,          0.00030446,            0.003004,            0.003004,            0.003004
                 108,              0.0149,              0.0261,            0.001409,             0.99645,             0.99081,             0.99272,             0.91285,           0.0098304,            0.015893,          0.00029488,            0.002938,            0.002938,            0.002938
                 109,            0.014787,            0.025955,           0.0013572,             0.99685,             0.99058,             0.99274,             0.91354,           0.0098216,            0.015873,          0.00028114,            0.002872,            0.002872,            0.002872
                 110,            0.014757,            0.026181,           0.0013101,             0.99645,              0.9907,             0.99305,             0.91437,           0.0097987,            0.015829,          0.00028353,            0.002806,            0.002806,            0.002806
                 111,            0.014749,            0.025888,           0.0013317,             0.99691,             0.99081,             0.99287,             0.91599,           0.0097054,            0.015719,           0.0002882,             0.00274,             0.00274,             0.00274
                 112,            0.014669,            0.025685,            0.001383,             0.99717,             0.99041,             0.99282,             0.91666,           0.0096761,            0.015704,          0.00029532,            0.002674,            0.002674,            0.002674
                 113,            0.014543,             0.02554,           0.0013483,             0.99691,             0.99078,             0.99276,             0.91848,           0.0095837,            0.015583,          0.00030398,            0.002608,            0.002608,            0.002608
                 114,            0.014447,            0.025476,           0.0013478,             0.99683,             0.99067,             0.99266,             0.91888,           0.0095507,            0.015525,           0.0002981,            0.002542,            0.002542,            0.002542
                 115,            0.014349,            0.025251,           0.0012103,             0.99717,              0.9904,             0.99261,             0.92004,           0.0095195,            0.015505,          0.00030148,            0.002476,            0.002476,            0.002476
                 116,            0.014354,            0.025012,           0.0013204,             0.99681,             0.99047,             0.99258,             0.91984,           0.0094964,             0.01549,           0.0003003,             0.00241,             0.00241,             0.00241
                 117,            0.014219,            0.025003,           0.0012065,             0.99738,             0.99031,             0.99275,             0.91974,           0.0094617,            0.015456,          0.00029752,            0.002344,            0.002344,            0.002344
                 118,            0.014173,            0.024808,           0.0012065,             0.99745,              0.9903,             0.99305,             0.92129,           0.0094035,            0.015415,          0.00029598,            0.002278,            0.002278,            0.002278
                 119,            0.014178,            0.024774,            0.001233,             0.99752,             0.99036,              0.9928,              0.9214,           0.0093664,            0.015369,          0.00029701,            0.002212,            0.002212,            0.002212
                 120,            0.014148,            0.025121,           0.0012595,             0.99724,             0.99089,             0.99298,             0.92183,           0.0093099,            0.015363,           0.0002965,            0.002146,            0.002146,            0.002146
                 121,             0.01417,            0.024577,           0.0012518,             0.99713,             0.99084,             0.99393,             0.92229,           0.0092768,            0.015325,          0.00029711,             0.00208,             0.00208,             0.00208
                 122,            0.013936,            0.024496,           0.0011944,             0.99697,             0.99091,             0.99392,             0.92261,           0.0092788,            0.015286,          0.00029138,            0.002014,            0.002014,            0.002014
                 123,            0.013815,            0.024751,           0.0012004,             0.99702,             0.99075,             0.99399,             0.92323,           0.0092595,            0.015259,          0.00028919,            0.001948,            0.001948,            0.001948
                 124,            0.013839,            0.024431,           0.0011769,             0.99686,             0.99132,             0.99406,             0.92444,           0.0092158,            0.015233,          0.00028735,            0.001882,            0.001882,            0.001882
                 125,            0.013801,            0.024504,           0.0011851,             0.99719,             0.99125,             0.99404,             0.92516,           0.0091973,            0.015217,          0.00028398,            0.001816,            0.001816,            0.001816
                 126,            0.013791,            0.024386,           0.0011403,             0.99738,             0.99117,              0.9939,             0.92567,           0.0091897,            0.015208,          0.00028306,             0.00175,             0.00175,             0.00175
                 127,            0.013717,            0.024329,            0.001164,             0.99728,             0.99106,             0.99376,             0.92599,           0.0091604,            0.015182,          0.00028042,            0.001684,            0.001684,            0.001684
                 128,            0.013586,            0.024309,           0.0011678,             0.99727,             0.99111,             0.99372,             0.92619,           0.0091403,            0.015165,          0.00027983,            0.001618,            0.001618,            0.001618
                 129,            0.013554,            0.023733,           0.0010379,             0.99727,             0.99117,             0.99353,             0.92699,           0.0091132,            0.015129,          0.00027944,            0.001552,            0.001552,            0.001552
                 130,            0.013468,            0.023448,            0.001164,             0.99728,             0.99122,             0.99327,             0.92871,           0.0090902,            0.015097,          0.00028104,            0.001486,            0.001486,            0.001486
                 131,            0.013314,            0.023768,           0.0010538,              0.9973,              0.9912,             0.99316,              0.9291,           0.0090779,            0.015068,          0.00028209,             0.00142,             0.00142,             0.00142
                 132,            0.013395,            0.023486,           0.0010481,             0.99716,             0.99114,             0.99315,             0.92942,            0.009056,            0.015037,          0.00028093,            0.001354,            0.001354,            0.001354
                 133,            0.013252,            0.023462,           0.0011027,             0.99707,             0.99114,             0.99305,             0.92935,           0.0090477,            0.015011,          0.00027911,            0.001288,            0.001288,            0.001288
                 134,            0.013293,             0.02337,           0.0011649,              0.9971,             0.99123,             0.99294,             0.93012,           0.0090304,            0.014986,          0.00027801,            0.001222,            0.001222,            0.001222
                 135,            0.013204,            0.023356,           0.0010446,             0.99732,             0.99118,               0.993,             0.93048,            0.009002,            0.014942,          0.00027741,            0.001156,            0.001156,            0.001156
                 136,            0.013136,            0.023327,           0.0010937,              0.9974,             0.99127,             0.99303,             0.93136,           0.0089687,            0.014908,          0.00027695,             0.00109,             0.00109,             0.00109
                 137,            0.013186,             0.02292,           0.0010919,             0.99747,             0.99124,             0.99304,             0.93174,           0.0089477,            0.014888,          0.00027654,            0.001024,            0.001024,            0.001024
                 138,            0.013054,            0.022862,           0.0010203,             0.99741,             0.99127,             0.99295,             0.93234,            0.008922,            0.014862,          0.00027779,            0.000958,            0.000958,            0.000958
                 139,            0.012996,            0.023159,           0.0010636,             0.99746,             0.99127,             0.99295,             0.93267,            0.008918,            0.014847,          0.00027754,            0.000892,            0.000892,            0.000892
                 140,            0.012907,            0.022887,           0.0010346,             0.99744,             0.99127,             0.99296,             0.93306,            0.008904,            0.014827,          0.00027745,            0.000826,            0.000826,            0.000826
                 141,             0.01295,            0.023058,           0.0010369,             0.99745,             0.99126,             0.99297,              0.9334,           0.0088884,            0.014806,          0.00027598,             0.00076,             0.00076,             0.00076
                 142,             0.01285,            0.022515,           0.0010101,             0.99741,             0.99127,              0.9931,             0.93365,           0.0088743,            0.014792,          0.00027404,            0.000694,            0.000694,            0.000694
                 143,            0.012789,             0.02244,          0.00099174,              0.9975,             0.99134,             0.99325,             0.93466,           0.0088634,            0.014787,          0.00027204,            0.000628,            0.000628,            0.000628
                 144,            0.012706,            0.022502,           0.0010178,             0.99751,             0.99138,             0.99336,             0.93479,           0.0088571,            0.014778,          0.00027119,            0.000562,            0.000562,            0.000562
                 145,            0.012575,            0.022046,          0.00092007,             0.99756,             0.99139,             0.99335,              0.9348,           0.0088469,            0.014773,          0.00027084,            0.000496,            0.000496,            0.000496
                 146,            0.012659,            0.022242,          0.00094151,             0.99752,             0.99137,             0.99337,             0.93476,           0.0088325,             0.01476,          0.00027051,             0.00043,             0.00043,             0.00043
                 147,             0.01264,            0.022315,          0.00096344,              0.9975,              0.9914,             0.99343,             0.93529,             0.00882,            0.014749,          0.00027034,            0.000364,            0.000364,            0.000364
                 148,            0.012595,             0.02202,          0.00097036,             0.99748,              0.9914,             0.99342,             0.93548,            0.008812,            0.014743,          0.00026996,            0.000298,            0.000298,            0.000298
                 149,            0.012608,            0.022441,          0.00096034,             0.99747,              0.9914,             0.99334,             0.93572,           0.0088015,            0.014731,          0.00026957,            0.000232,            0.000232,            0.000232
